OBJECTID,ZIPCODE,GIS_ID,WEB_URL,EPA_URL,NAME,TYPE,UNINSURED_POPULATION,MEDICAID_RECIPIENT,LABEL,ZIP_CODE_TEXT,Shape_Length,Shape_Area,POP_2000,POP_2010
1,20036,ZIP_036,http://www.usps.gov,http://maps.epa.gov/scripts/.esrimap?name=enviroMapperN&Cmd=ZoomInByZip&CmdOld=ZoomInByScalar&threshold=360.0&zoomFactor=2.0&layersCode=001&queryCode=99&fipsCode=20036, ,STANDARD,27,54,20036,20036,5901.08227627473,849613.393150857,3808,4764
2,20037,ZIP_037,http://www.usps.gov,http://maps.epa.gov/scripts/.esrimap?name=enviroMapperN&Cmd=ZoomInByZip&CmdOld=ZoomInByScalar&threshold=360.0&zoomFactor=2.0&layersCode=001&queryCode=99&fipsCode=20037, ,STANDARD,91,290,20037,20037,16360.8024889927,1936377.70134184,12642,14544
3,20039,ZIP_039,http://www.usps.gov,http://maps.epa.gov/scripts/.esrimap?name=enviroMapperN&Cmd=ZoomInByZip&CmdOld=ZoomInByScalar&threshold=360.0&zoomFactor=2.0&layersCode=001&queryCode=99&fipsCode=20039,LAMOND-RIGGS POST OFFICE,POST OFFICE BOX,0,1,20039,20039,36.292949005858,52.2044400005689,,
4,20040,ZIP_040,http://www.usps.gov,http://maps.epa.gov/scripts/.esrimap?name=enviroMapperN&Cmd=ZoomInByZip&CmdOld=ZoomInByScalar&threshold=360.0&zoomFactor=2.0&layersCode=001&queryCode=99&fipsCode=20040,BRIGHTWOOD POST OFFICE,POST OFFICE BOX,0,5,20040,20040,28.5779604214806,34.6771850051047,,
5,20043,ZIP_043,http://www.usps.gov,http://maps.epa.gov/scripts/.esrimap?name=enviroMapperN&Cmd=ZoomInByZip&CmdOld=ZoomInByScalar&threshold=360.0&zoomFactor=2.0&layersCode=001&queryCode=99&fipsCode=20043,MARTIN LUTHER KING JR POST OFFICE,POST OFFICE BOX,0,1,20043,20043,35.0392239853839,76.6948200230527,,
6,20045,ZIP_045,http://www.usps.gov,http://maps.epa.gov/scripts/.esrimap?name=enviroMapperN&Cmd=ZoomInByZip&CmdOld=ZoomInByScalar&threshold=360.0&zoomFactor=2.0&layersCode=001&queryCode=99&fipsCode=20045,NATIONAL PRESS BUILDING,UNIQUE,0,0,20045,20045,268.774054408964,4117.21336086297,,
7,20049,ZIP_049,http://www.usps.gov,http://maps.epa.gov/scripts/.esrimap?name=enviroMapperN&Cmd=ZoomInByZip&CmdOld=ZoomInByScalar&threshold=360.0&zoomFactor=2.0&layersCode=001&queryCode=99&fipsCode=20049,AARP,UNIQUE,0,0,20049,20049,107.760323839479,691.549268083356,,
8,20306,ZIP_306,http://www.usps.gov,http://maps.epa.gov/scripts/.esrimap?name=enviroMapperN&Cmd=ZoomInByZip&CmdOld=ZoomInByScalar&threshold=360.0&zoomFactor=2.0&layersCode=001&queryCode=99&fipsCode=20306,ARMED FORCES INSTITUTE OF PATHOLOGY,UNIQUE,0,0,20306,20306,174.606466491287,1768.47750106444,,
9,20314,ZIP_314,http://www.usps.gov,http://maps.epa.gov/scripts/.esrimap?name=enviroMapperN&Cmd=ZoomInByZip&CmdOld=ZoomInByScalar&threshold=360.0&zoomFactor=2.0&layersCode=001&queryCode=99&fipsCode=20314,US ARMY CORPS OF ENGINEERS,UNIQUE,0,0,20314,20314,148.639999993145,1380.19319987521,,
10,20317,ZIP_317,http://www.usps.gov,http://maps.epa.gov/scripts/.esrimap?name=enviroMapperN&Cmd=ZoomInByZip&CmdOld=ZoomInByScalar&threshold=360.0&zoomFactor=2.0&layersCode=001&queryCode=99&fipsCode=20317,ARMED FORCES RETIREMENT HOME,UNIQUE,0,0,20317,20317,58.489622123382,210.842448982325,,
11,20319,ZIP_319,http://www.usps.gov,http://maps.epa.gov/scripts/.esrimap?name=enviroMapperN&Cmd=ZoomInByZip&CmdOld=ZoomInByScalar&threshold=360.0&zoomFactor=2.0&layersCode=001&queryCode=99&fipsCode=20319,FORT LESLIE J. MCNAIR,UNIQUE,0,0,20319,20319,4075.71824865223,176692.768454786,,
12,20340,ZIP_340,http://www.usps.gov,http://maps.epa.gov/scripts/.esrimap?name=enviroMapperN&Cmd=ZoomInByZip&CmdOld=ZoomInByScalar&threshold=360.0&zoomFactor=2.0&layersCode=001&queryCode=99&fipsCode=20340,BOLLING AIR FORCE BASE,UNIQUE,0,0,20340,20340,1923.07472757791,221347.501281562,,
13,20372,ZIP_372,http://www.usps.gov,http://maps.epa.gov/scripts/.esrimap?name=enviroMapperN&Cmd=ZoomInByZip&CmdOld=ZoomInByScalar&threshold=360.0&zoomFactor=2.0&layersCode=001&queryCode=99&fipsCode=20372,NAVY BUREAU OF MEDICINE AND SURGERY,UNIQUE,0,0,20372,20372,1176.48209415787,36067.0391936008,,
14,20373,ZIP_373,http://www.usps.gov,http://maps.epa.gov/scripts/.esrimap?name=enviroMapperN&Cmd=ZoomInByZip&CmdOld=ZoomInByScalar&threshold=360.0&zoomFactor=2.0&layersCode=001&queryCode=99&fipsCode=20373,ANACOSTIA NAVAL ANNEX,UNIQUE,0,0,20373,20373,6560.00296209331,1147130.85725484,,
15,20404,ZIP_404,http://www.usps.gov,http://maps.epa.gov/scripts/.esrimap?name=enviroMapperN&Cmd=ZoomInByZip&CmdOld=ZoomInByScalar&threshold=360.0&zoomFactor=2.0&layersCode=001&queryCode=99&fipsCode=20404,GOVERNMENT PRINTING OFFICE PROCUREMENT,UNIQUE,0,0,20404,20404,63.337069668338,240.977151939339,,
16,20405,ZIP_405,http://www.usps.gov,http://maps.epa.gov/scripts/.esrimap?name=enviroMapperN&Cmd=ZoomInByZip&CmdOld=ZoomInByScalar&threshold=360.0&zoomFactor=2.0&layersCode=001&queryCode=99&fipsCode=20405,GENERAL SERVICES ADMINISTRATION,UNIQUE,0,0,20405,20405,607.104377145475,20158.2802446619,,
17,20407,ZIP_407,http://www.usps.gov,http://maps.epa.gov/scripts/.esrimap?name=enviroMapperN&Cmd=ZoomInByZip&CmdOld=ZoomInByScalar&threshold=360.0&zoomFactor=2.0&layersCode=001&queryCode=99&fipsCode=20407,GENERAL SERVICES ADMINISTRATION,UNIQUE,0,0,20407,20407,70.8297263736034,292.780690109698,,
18,20408,ZIP_408,http://www.usps.gov,http://maps.epa.gov/scripts/.esrimap?name=enviroMapperN&Cmd=ZoomInByZip&CmdOld=ZoomInByScalar&threshold=360.0&zoomFactor=2.0&layersCode=001&queryCode=99&fipsCode=20408,NATIONAL ARCHIVES,UNIQUE,0,0,20408,20408,703.138664556708,29712.8120235527,,
19,20410,ZIP_410,http://www.usps.gov,http://maps.epa.gov/scripts/.esrimap?name=enviroMapperN&Cmd=ZoomInByZip&CmdOld=ZoomInByScalar&threshold=360.0&zoomFactor=2.0&layersCode=001&queryCode=99&fipsCode=20410,DEPARTMENT OF HOUSING AND URBAN DEVELOPMENT,UNIQUE,0,0,20410,20410,871.518103385274,26987.7403633607,,
20,20411,ZIP_411,http://www.usps.gov,http://maps.epa.gov/scripts/.esrimap?name=enviroMapperN&Cmd=ZoomInByZip&CmdOld=ZoomInByScalar&threshold=360.0&zoomFactor=2.0&layersCode=001&queryCode=99&fipsCode=20411,FEDERAL HOUSING ADMINISTRATION,UNIQUE,0,0,20411,20411,74.194000005722,338.451262038404,,
21,20412,ZIP_412,http://www.usps.gov,http://maps.epa.gov/scripts/.esrimap?name=enviroMapperN&Cmd=ZoomInByZip&CmdOld=ZoomInByScalar&threshold=360.0&zoomFactor=2.0&layersCode=001&queryCode=99&fipsCode=20412,FEDERAL HOUSING ADMINISTRATION,UNIQUE,0,0,20412,20412,76.2062052052192,352.605192124242,,
22,20415,ZIP_415,http://www.usps.gov,http://maps.epa.gov/scripts/.esrimap?name=enviroMapperN&Cmd=ZoomInByZip&CmdOld=ZoomInByScalar&threshold=360.0&zoomFactor=2.0&layersCode=001&queryCode=99&fipsCode=20415,OFFICE OF PERSONNEL MANAGEMENT,UNIQUE,0,0,20415,20415,632.358208433033,21322.0458974889,,
23,20374,ZIP_374,http://www.usps.gov,http://maps.epa.gov/scripts/.esrimap?name=enviroMapperN&Cmd=ZoomInByZip&CmdOld=ZoomInByScalar&threshold=360.0&zoomFactor=2.0&layersCode=001&queryCode=99&fipsCode=20374,WASHINGTON NAVY YARD,UNIQUE,0,0,20374,20374,4221.50439190639,263075.66367385,,
24,20375,ZIP_375,http://www.usps.gov,http://maps.epa.gov/scripts/.esrimap?name=enviroMapperN&Cmd=ZoomInByZip&CmdOld=ZoomInByScalar&threshold=360.0&zoomFactor=2.0&layersCode=001&queryCode=99&fipsCode=20375,NAVAL RESEARCH LABRATORY,UNIQUE,0,0,20375,20375,3442.66489444348,494827.925350244,,
25,20376,ZIP_376,http://www.usps.gov,http://maps.epa.gov/scripts/.esrimap?name=enviroMapperN&Cmd=ZoomInByZip&CmdOld=ZoomInByScalar&threshold=360.0&zoomFactor=2.0&layersCode=001&queryCode=99&fipsCode=20376,NAVAL SEA SYSTEMS COMMAND,UNIQUE,0,0,20376,20376,1197.24918636107,40445.87582585,,
26,20388,ZIP_388,http://www.usps.gov,http://maps.epa.gov/scripts/.esrimap?name=enviroMapperN&Cmd=ZoomInByZip&CmdOld=ZoomInByScalar&threshold=360.0&zoomFactor=2.0&layersCode=001&queryCode=99&fipsCode=20388,NAVY CRIMINAL INVESTIGATIVE SERVICE,UNIQUE,0,0,20388,20388,346.916246802386,6963.08441124657,,
27,20390,ZIP_390,http://www.usps.gov,http://maps.epa.gov/scripts/.esrimap?name=enviroMapperN&Cmd=ZoomInByZip&CmdOld=ZoomInByScalar&threshold=360.0&zoomFactor=2.0&layersCode=001&queryCode=99&fipsCode=20390,WASHINGTON NAVY YARD,UNIQUE,0,0,20390,20390,661.422370573563,11097.532309448,,
28,20392,ZIP_392,http://www.usps.gov,http://maps.epa.gov/scripts/.esrimap?name=enviroMapperN&Cmd=ZoomInByZip&CmdOld=ZoomInByScalar&threshold=360.0&zoomFactor=2.0&layersCode=001&queryCode=99&fipsCode=20392,US NAVAL OBSERVATORY,UNIQUE,0,0,20392,20392,2450.84252876786,289635.13482652,,
29,20398,ZIP_398,http://www.usps.gov,http://maps.epa.gov/scripts/.esrimap?name=enviroMapperN&Cmd=ZoomInByZip&CmdOld=ZoomInByScalar&threshold=360.0&zoomFactor=2.0&layersCode=001&queryCode=99&fipsCode=20398,MILITARY SEALIFT COMMAND,UNIQUE,0,0,20398,20398,208.668273988628,2161.4590337187,,
30,20401,ZIP_401,http://www.usps.gov,http://maps.epa.gov/scripts/.esrimap?name=enviroMapperN&Cmd=ZoomInByZip&CmdOld=ZoomInByScalar&threshold=360.0&zoomFactor=2.0&layersCode=001&queryCode=99&fipsCode=20401,US GOVERNMENT PRINTING OFFICE,UNIQUE,0,0,20401,20401,609.413287380636,8918.83148867551,,
31,20402,ZIP_402,http://www.usps.gov,http://maps.epa.gov/scripts/.esrimap?name=enviroMapperN&Cmd=ZoomInByZip&CmdOld=ZoomInByScalar&threshold=360.0&zoomFactor=2.0&layersCode=001&queryCode=99&fipsCode=20402,US GOVERNMENT PRINTING OFFICE,UNIQUE,0,0,20402,20402,61.6780000030994,231.834190017221,,
32,20403,ZIP_403,http://www.usps.gov,http://maps.epa.gov/scripts/.esrimap?name=enviroMapperN&Cmd=ZoomInByZip&CmdOld=ZoomInByScalar&threshold=360.0&zoomFactor=2.0&layersCode=001&queryCode=99&fipsCode=20403,US GOVERNMENT PRINTING OFFICE,UNIQUE,0,0,20403,20403,70.978111962037,306.699435990442,,
33,20052,ZIP_052,http://www.usps.gov,http://maps.epa.gov/scripts/.esrimap?name=enviroMapperN&Cmd=ZoomInByZip&CmdOld=ZoomInByScalar&threshold=360.0&zoomFactor=2.0&layersCode=001&queryCode=99&fipsCode=20052, ,UNIQUE,91,290,20052,20052,4966.05275115405,165642.241631929,1226,1277
34,20056,ZIP_056,http://www.usps.gov,http://maps.epa.gov/scripts/.esrimap?name=enviroMapperN&Cmd=ZoomInByZip&CmdOld=ZoomInByScalar&threshold=360.0&zoomFactor=2.0&layersCode=001&queryCode=99&fipsCode=20056,T STREET POST OFFICE BOX,POST OFFICE BOX,0,0,20056,20056,21.6065585886199,21.1689719990334,,
35,20057,ZIP_057,http://www.usps.gov,http://maps.epa.gov/scripts/.esrimap?name=enviroMapperN&Cmd=ZoomInByZip&CmdOld=ZoomInByScalar&threshold=360.0&zoomFactor=2.0&layersCode=001&queryCode=99&fipsCode=20057,GEORGETOWN UNIVERSITY,UNIQUE,0,0,20057,20057,2471.16957704578,285426.374663735,4460,3888
36,20059,ZIP_059,http://www.usps.gov,http://maps.epa.gov/scripts/.esrimap?name=enviroMapperN&Cmd=ZoomInByZip&CmdOld=ZoomInByScalar&threshold=360.0&zoomFactor=2.0&layersCode=001&queryCode=99&fipsCode=20059,HOWARD UNIVERSITY,UNIQUE,0,0,20059,20059,3364.10751883503,287668.224274483,553,306
37,20060,ZIP_060,http://www.usps.gov,http://maps.epa.gov/scripts/.esrimap?name=enviroMapperN&Cmd=ZoomInByZip&CmdOld=ZoomInByScalar&threshold=360.0&zoomFactor=2.0&layersCode=001&queryCode=99&fipsCode=20060,HOWARD UNIVERSITY HOSPITAL,UNIQUE,0,0,20060,20060,877.206836936635,43781.5999019211,,
38,20062,ZIP_062,http://www.usps.gov,http://maps.epa.gov/scripts/.esrimap?name=enviroMapperN&Cmd=ZoomInByZip&CmdOld=ZoomInByScalar&threshold=360.0&zoomFactor=2.0&layersCode=001&queryCode=99&fipsCode=20062,CHAMBER OF COMMERCE,UNIQUE,0,0,20062,20062,227.482457001455,3178.41796850836,,
39,20064,ZIP_064,http://www.usps.gov,http://maps.epa.gov/scripts/.esrimap?name=enviroMapperN&Cmd=ZoomInByZip&CmdOld=ZoomInByScalar&threshold=360.0&zoomFactor=2.0&layersCode=001&queryCode=99&fipsCode=20064,CATHOLIC UNIVERSITY OF AMERICA,UNIQUE,0,0,20064,20064,3471.9884813567,380183.20486343,3489,3669
40,20071,ZIP_071,http://www.usps.gov,http://maps.epa.gov/scripts/.esrimap?name=enviroMapperN&Cmd=ZoomInByZip&CmdOld=ZoomInByScalar&threshold=360.0&zoomFactor=2.0&layersCode=001&queryCode=99&fipsCode=20071,THE WASHINGTON POST BUILDING,UNIQUE,0,0,20071,20071,279.188462014201,4419.16505046198,,
41,20201,ZIP_201,http://www.usps.gov,http://maps.epa.gov/scripts/.esrimap?name=enviroMapperN&Cmd=ZoomInByZip&CmdOld=ZoomInByScalar&threshold=360.0&zoomFactor=2.0&layersCode=001&queryCode=99&fipsCode=20201,DEPT OF HEALTH AND HUMAN SERVICES,UNIQUE,0,0,20201,20201,1071.20722195807,41808.4046047766,,
42,20202,ZIP_202,http://www.usps.gov,http://maps.epa.gov/scripts/.esrimap?name=enviroMapperN&Cmd=ZoomInByZip&CmdOld=ZoomInByScalar&threshold=360.0&zoomFactor=2.0&layersCode=001&queryCode=99&fipsCode=20202,DEPARTMENT OF EDUCATION,UNIQUE,0,0,20202,20202,534.898696813556,15672.8250356804,,
43,20208,ZIP_208,http://www.usps.gov,http://maps.epa.gov/scripts/.esrimap?name=enviroMapperN&Cmd=ZoomInByZip&CmdOld=ZoomInByScalar&threshold=360.0&zoomFactor=2.0&layersCode=001&queryCode=99&fipsCode=20208,NATIONAL INSTITUTE OF EDUCATION,UNIQUE,0,0,20208,20208,20.5665322510905,25.0804639978909,,
44,20210,ZIP_210,http://www.usps.gov,http://maps.epa.gov/scripts/.esrimap?name=enviroMapperN&Cmd=ZoomInByZip&CmdOld=ZoomInByScalar&threshold=360.0&zoomFactor=2.0&layersCode=001&queryCode=99&fipsCode=20210,DEPARTMENT OF LABOR,UNIQUE,0,0,20210,20210,63.984340551879,253.237376078943,,
45,20211,ZIP_211,http://www.usps.gov,http://maps.epa.gov/scripts/.esrimap?name=enviroMapperN&Cmd=ZoomInByZip&CmdOld=ZoomInByScalar&threshold=360.0&zoomFactor=2.0&layersCode=001&queryCode=99&fipsCode=20211,DEPARTMENT OF LABOR,UNIQUE,0,0,20211,20211,68.2518276366289,290.85304511835,,
46,20212,ZIP_212,http://www.usps.gov,http://maps.epa.gov/scripts/.esrimap?name=enviroMapperN&Cmd=ZoomInByZip&CmdOld=ZoomInByScalar&threshold=360.0&zoomFactor=2.0&layersCode=001&queryCode=99&fipsCode=20212,BUREAU OF LABOR STATISTICS,UNIQUE,0,0,20212,20212,88.7100000008941,482.265576012035,,
47,20213,ZIP_213,http://www.usps.gov,http://maps.epa.gov/scripts/.esrimap?name=enviroMapperN&Cmd=ZoomInByZip&CmdOld=ZoomInByScalar&threshold=360.0&zoomFactor=2.0&layersCode=001&queryCode=99&fipsCode=20213,MANPOWER ADMINISTRATION,UNIQUE,0,0,20213,20213,57.832000002265,207.933363019062,,
48,20215,ZIP_215,http://www.usps.gov,http://maps.epa.gov/scripts/.esrimap?name=enviroMapperN&Cmd=ZoomInByZip&CmdOld=ZoomInByScalar&threshold=360.0&zoomFactor=2.0&layersCode=001&queryCode=99&fipsCode=20215,PAY AUDIT DIVISION,UNIQUE,0,0,20215,20215,54.1638636248048,181.28631850249,,
49,20216,ZIP_216,http://www.usps.gov,http://maps.epa.gov/scripts/.esrimap?name=enviroMapperN&Cmd=ZoomInByZip&CmdOld=ZoomInByScalar&threshold=360.0&zoomFactor=2.0&layersCode=001&queryCode=99&fipsCode=20216,LABOR MANAGEMENT ADMIN.,UNIQUE,0,0,20216,20216,62.949884679116,236.20937402696,,
50,20217,ZIP_217,http://www.usps.gov,http://maps.epa.gov/scripts/.esrimap?name=enviroMapperN&Cmd=ZoomInByZip&CmdOld=ZoomInByScalar&threshold=360.0&zoomFactor=2.0&layersCode=001&queryCode=99&fipsCode=20217,U.S. TAX COURT,UNIQUE,0,0,20217,20217,414.685130678197,8726.89573758862,,
51,20220,ZIP_220,http://www.usps.gov,http://maps.epa.gov/scripts/.esrimap?name=enviroMapperN&Cmd=ZoomInByZip&CmdOld=ZoomInByScalar&threshold=360.0&zoomFactor=2.0&layersCode=001&queryCode=99&fipsCode=20220,DEPARTMENT OF THE TREASURY,UNIQUE,0,0,20220,20220,46.0749284537679,132.427957005257,,
52,20221,ZIP_221,http://www.usps.gov,http://maps.epa.gov/scripts/.esrimap?name=enviroMapperN&Cmd=ZoomInByZip&CmdOld=ZoomInByScalar&threshold=360.0&zoomFactor=2.0&layersCode=001&queryCode=99&fipsCode=20221,INTERNAL REVENUE SERVICE,UNIQUE,0,0,20221,20221,153.174968743061,815.568554483645,,
53,20222,ZIP_222,http://www.usps.gov,http://maps.epa.gov/scripts/.esrimap?name=enviroMapperN&Cmd=ZoomInByZip&CmdOld=ZoomInByScalar&threshold=360.0&zoomFactor=2.0&layersCode=001&queryCode=99&fipsCode=20222,INTERNAL REVENUE SERVICE,UNIQUE,0,0,20222,20222,240.858454569392,2191.83173902084,,
54,20223,ZIP_223,http://www.usps.gov,http://maps.epa.gov/scripts/.esrimap?name=enviroMapperN&Cmd=ZoomInByZip&CmdOld=ZoomInByScalar&threshold=360.0&zoomFactor=2.0&layersCode=001&queryCode=99&fipsCode=20223, ,UNIQUE,0,1,20223,20223,1386.33380048989,37167.2814664263,,
55,20224,ZIP_224,http://www.usps.gov,http://maps.epa.gov/scripts/.esrimap?name=enviroMapperN&Cmd=ZoomInByZip&CmdOld=ZoomInByScalar&threshold=360.0&zoomFactor=2.0&layersCode=001&queryCode=99&fipsCode=20224,INTERNAL REVENUE SERVICE,UNIQUE,0,0,20224,20224,785.146710505283,24655.0226665164,,
56,20226,ZIP_226,http://www.usps.gov,http://maps.epa.gov/scripts/.esrimap?name=enviroMapperN&Cmd=ZoomInByZip&CmdOld=ZoomInByScalar&threshold=360.0&zoomFactor=2.0&layersCode=001&queryCode=99&fipsCode=20226,INTERNAL REVENUE SERVICE,UNIQUE,0,0,20226,20226,294.621813723234,3232.93782540466,,
57,20227,ZIP_227,http://www.usps.gov,http://maps.epa.gov/scripts/.esrimap?name=enviroMapperN&Cmd=ZoomInByZip&CmdOld=ZoomInByScalar&threshold=360.0&zoomFactor=2.0&layersCode=001&queryCode=99&fipsCode=20227,TREASURY FINANCIAL MANAGEMENT SERVICE,UNIQUE,0,0,20227,20227,360.006000021945,3606.31534000598,,
58,20228,ZIP_228,http://www.usps.gov,http://maps.epa.gov/scripts/.esrimap?name=enviroMapperN&Cmd=ZoomInByZip&CmdOld=ZoomInByScalar&threshold=360.0&zoomFactor=2.0&layersCode=001&queryCode=99&fipsCode=20228,BUREAU OF ENGRAVING AND PRINTING,UNIQUE,0,0,20228,20228,978.520286690807,27245.458963323,,
59,20229,ZIP_229,http://www.usps.gov,http://maps.epa.gov/scripts/.esrimap?name=enviroMapperN&Cmd=ZoomInByZip&CmdOld=ZoomInByScalar&threshold=360.0&zoomFactor=2.0&layersCode=001&queryCode=99&fipsCode=20229,U.S. CUSTOMS SERVICE,UNIQUE,0,0,20229,20229,484.328801738824,5903.12671023301,,
60,20230,ZIP_230,http://www.usps.gov,http://maps.epa.gov/scripts/.esrimap?name=enviroMapperN&Cmd=ZoomInByZip&CmdOld=ZoomInByScalar&threshold=360.0&zoomFactor=2.0&layersCode=001&queryCode=99&fipsCode=20230,DEPARTMENT OF COMMERCE,UNIQUE,0,0,20230,20230,648.807391823371,23234.4899877109,,
61,20237,ZIP_237,http://www.usps.gov,http://maps.epa.gov/scripts/.esrimap?name=enviroMapperN&Cmd=ZoomInByZip&CmdOld=ZoomInByScalar&threshold=360.0&zoomFactor=2.0&layersCode=001&queryCode=99&fipsCode=20237,BROADCASTING BOARD OF GOVERNORS,UNIQUE,0,0,20237,20237,466.648025069246,13596.8960504022,,
62,20239,ZIP_239,http://www.usps.gov,http://maps.epa.gov/scripts/.esrimap?name=enviroMapperN&Cmd=ZoomInByZip&CmdOld=ZoomInByScalar&threshold=360.0&zoomFactor=2.0&layersCode=001&queryCode=99&fipsCode=20239,BUREAU OF PUBLIC DEBT,UNIQUE,0,0,20239,20239,37.0360000059009,85.0986450247388,,
63,20240,ZIP_240,http://www.usps.gov,http://maps.epa.gov/scripts/.esrimap?name=enviroMapperN&Cmd=ZoomInByZip&CmdOld=ZoomInByScalar&threshold=360.0&zoomFactor=2.0&layersCode=001&queryCode=99&fipsCode=20240,DEPARTMENT OF THE INTERIOR,UNIQUE,0,0,20240,20240,1620.80456084585,47598.5597423992,,
64,20242,ZIP_242,http://www.usps.gov,http://maps.epa.gov/scripts/.esrimap?name=enviroMapperN&Cmd=ZoomInByZip&CmdOld=ZoomInByScalar&threshold=360.0&zoomFactor=2.0&layersCode=001&queryCode=99&fipsCode=20242,NATIONAL PARK SERVICE,UNIQUE,0,0,20242,20242,1400.77681110041,45778.4270443827,,
65,20245,ZIP_245,http://www.usps.gov,http://maps.epa.gov/scripts/.esrimap?name=enviroMapperN&Cmd=ZoomInByZip&CmdOld=ZoomInByScalar&threshold=360.0&zoomFactor=2.0&layersCode=001&queryCode=99&fipsCode=20245,OFFICE OF SURFACE MINING,UNIQUE,0,0,20245,20245,309.043724459591,5654.75533470554,,
66,20250,ZIP_250,http://www.usps.gov,http://maps.epa.gov/scripts/.esrimap?name=enviroMapperN&Cmd=ZoomInByZip&CmdOld=ZoomInByScalar&threshold=360.0&zoomFactor=2.0&layersCode=001&queryCode=99&fipsCode=20250,DEPARTMENT OF AGRICULTURE,UNIQUE,0,0,20250,20250,1019.80646488127,58999.7504238185,,
67,20254,ZIP_254,http://www.usps.gov,http://maps.epa.gov/scripts/.esrimap?name=enviroMapperN&Cmd=ZoomInByZip&CmdOld=ZoomInByScalar&threshold=360.0&zoomFactor=2.0&layersCode=001&queryCode=99&fipsCode=20254,SOCIAL SECURITY ADMINISTRATION,UNIQUE,0,0,20254,20254,48.4730837938243,143.6354639292,,
68,20260,ZIP_260,http://www.usps.gov,http://maps.epa.gov/scripts/.esrimap?name=enviroMapperN&Cmd=ZoomInByZip&CmdOld=ZoomInByScalar&threshold=360.0&zoomFactor=2.0&layersCode=001&queryCode=99&fipsCode=20260,UNITED STATES POSTAL SERVICE,UNIQUE,0,0,20260,20260,897.690416881628,12752.9838387214,,
69,20261,ZIP_261,http://www.usps.gov,http://maps.epa.gov/scripts/.esrimap?name=enviroMapperN&Cmd=ZoomInByZip&CmdOld=ZoomInByScalar&threshold=360.0&zoomFactor=2.0&layersCode=001&queryCode=99&fipsCode=20261,UNITED STATES POSTAL SERVICE,UNIQUE,0,0,20261,20261,48.5193688373941,147.054505020113,,
70,20268,ZIP_268,http://www.usps.gov,http://maps.epa.gov/scripts/.esrimap?name=enviroMapperN&Cmd=ZoomInByZip&CmdOld=ZoomInByScalar&threshold=360.0&zoomFactor=2.0&layersCode=001&queryCode=99&fipsCode=20268,POSTAL REGULATORY COMMISSION,UNIQUE,0,0,20268,20268,53.9102894878399,181.163460962479,,
71,20001,ZIP_001,http://www.usps.gov,http://maps.epa.gov/scripts/.esrimap?name=enviroMapperN&Cmd=ZoomInByZip&CmdOld=ZoomInByScalar&threshold=360.0&zoomFactor=2.0&layersCode=001&queryCode=99&fipsCode=20001, ,STANDARD,3287,10168,20001,20001,23174.5010966401,5368043.83399176,33550,39296
72,20002,ZIP_002,http://www.usps.gov,http://maps.epa.gov/scripts/.esrimap?name=enviroMapperN&Cmd=ZoomInByZip&CmdOld=ZoomInByScalar&threshold=360.0&zoomFactor=2.0&layersCode=001&queryCode=99&fipsCode=20002, ,STANDARD,2786,15950,20002,20002,26929.1001114169,13455138.0316321,49333,51252
73,20003,ZIP_003,http://www.usps.gov,http://maps.epa.gov/scripts/.esrimap?name=enviroMapperN&Cmd=ZoomInByZip&CmdOld=ZoomInByScalar&threshold=360.0&zoomFactor=2.0&layersCode=001&queryCode=99&fipsCode=20003, ,STANDARD,914,2989,20003,20003,20213.9641825205,7115282.19568272,23122,26751
74,20004,ZIP_004,http://www.usps.gov,http://maps.epa.gov/scripts/.esrimap?name=enviroMapperN&Cmd=ZoomInByZip&CmdOld=ZoomInByScalar&threshold=360.0&zoomFactor=2.0&layersCode=001&queryCode=99&fipsCode=20004,,STANDARD,9,7,20004,20004,22687.8267414669,4027129.93790125,901,1622
75,20005,ZIP_005,http://www.usps.gov,http://maps.epa.gov/scripts/.esrimap?name=enviroMapperN&Cmd=ZoomInByZip&CmdOld=ZoomInByScalar&threshold=360.0&zoomFactor=2.0&layersCode=001&queryCode=99&fipsCode=20005, ,STANDARD,522,1301,20005,20005,8911.20578177212,1129543.19024243,10610,13335
76,20006,ZIP_006,http://www.usps.gov,http://maps.epa.gov/scripts/.esrimap?name=enviroMapperN&Cmd=ZoomInByZip&CmdOld=ZoomInByScalar&threshold=360.0&zoomFactor=2.0&layersCode=001&queryCode=99&fipsCode=20006, ,STANDARD,11,16,20006,20006,10260.9073558113,705228.069904269,1874,2705
77,20007,ZIP_007,http://www.usps.gov,http://maps.epa.gov/scripts/.esrimap?name=enviroMapperN&Cmd=ZoomInByZip&CmdOld=ZoomInByScalar&threshold=360.0&zoomFactor=2.0&layersCode=001&queryCode=99&fipsCode=20007, ,STANDARD,130,322,20007,20007,21193.4835899648,9154531.43627817,28818,27076
78,20008,ZIP_008,http://www.usps.gov,http://maps.epa.gov/scripts/.esrimap?name=enviroMapperN&Cmd=ZoomInByZip&CmdOld=ZoomInByScalar&threshold=360.0&zoomFactor=2.0&layersCode=001&queryCode=99&fipsCode=20008, ,STANDARD,153,370,20008,20008,24033.3557643434,8934434.25125655,26195,27890
79,20009,ZIP_009,http://www.usps.gov,http://maps.epa.gov/scripts/.esrimap?name=enviroMapperN&Cmd=ZoomInByZip&CmdOld=ZoomInByScalar&threshold=360.0&zoomFactor=2.0&layersCode=001&queryCode=99&fipsCode=20009, ,STANDARD,2649,6628,20009,20009,12157.9505752658,3490432.51246235,46561,49464
80,20010,ZIP_010,http://www.usps.gov,http://maps.epa.gov/scripts/.esrimap?name=enviroMapperN&Cmd=ZoomInByZip&CmdOld=ZoomInByScalar&threshold=360.0&zoomFactor=2.0&layersCode=001&queryCode=99&fipsCode=20010, ,STANDARD,3432,6973,20010,20010,12026.7929684537,2699151.91408893,28772,27848
81,20011,ZIP_011,http://www.usps.gov,http://maps.epa.gov/scripts/.esrimap?name=enviroMapperN&Cmd=ZoomInByZip&CmdOld=ZoomInByScalar&threshold=360.0&zoomFactor=2.0&layersCode=001&queryCode=99&fipsCode=20011, ,STANDARD,4551,13380,20011,20011,25124.6410251913,14804412.3218687,57444,60810
82,20012,ZIP_012,http://www.usps.gov,http://maps.epa.gov/scripts/.esrimap?name=enviroMapperN&Cmd=ZoomInByZip&CmdOld=ZoomInByScalar&threshold=360.0&zoomFactor=2.0&layersCode=001&queryCode=99&fipsCode=20012, ,STANDARD,579,1742,20012,20012,14212.1391978348,5559891.86298356,13604,13361
83,20013,ZIP_013,http://www.usps.gov,http://maps.epa.gov/scripts/.esrimap?name=enviroMapperN&Cmd=ZoomInByZip&CmdOld=ZoomInByScalar&threshold=360.0&zoomFactor=2.0&layersCode=001&queryCode=99&fipsCode=20013,NATIONAL CAPITOL POST OFFICE,POST OFFICE BOX,0,4,20013,20013,102.872826573532,614.629923984504,,
84,20015,ZIP_015,http://www.usps.gov,http://maps.epa.gov/scripts/.esrimap?name=enviroMapperN&Cmd=ZoomInByZip&CmdOld=ZoomInByScalar&threshold=360.0&zoomFactor=2.0&layersCode=001&queryCode=99&fipsCode=20015, ,STANDARD,70,418,20015,20015,16383.3215853484,8160505.09690391,15824,15449
85,20016,ZIP_016,http://www.usps.gov,http://maps.epa.gov/scripts/.esrimap?name=enviroMapperN&Cmd=ZoomInByZip&CmdOld=ZoomInByScalar&threshold=360.0&zoomFactor=2.0&layersCode=001&queryCode=99&fipsCode=20016, ,STANDARD,125,690,20016,20016,20756.9316410684,11728771.6898002,31374,32411
86,20017,ZIP_017,http://www.usps.gov,http://maps.epa.gov/scripts/.esrimap?name=enviroMapperN&Cmd=ZoomInByZip&CmdOld=ZoomInByScalar&threshold=360.0&zoomFactor=2.0&layersCode=001&queryCode=99&fipsCode=20017, ,STANDARD,536,3164,20017,20017,18703.3100525159,5682537.831841,19170,15589
87,20018,ZIP_018,http://www.usps.gov,http://maps.epa.gov/scripts/.esrimap?name=enviroMapperN&Cmd=ZoomInByZip&CmdOld=ZoomInByScalar&threshold=360.0&zoomFactor=2.0&layersCode=001&queryCode=99&fipsCode=20018, ,STANDARD,945,4801,20018,20018,17763.5811978028,7657427.27100675,16991,16955
88,20019,ZIP_019,http://www.usps.gov,http://maps.epa.gov/scripts/.esrimap?name=enviroMapperN&Cmd=ZoomInByZip&CmdOld=ZoomInByScalar&threshold=360.0&zoomFactor=2.0&layersCode=001&queryCode=99&fipsCode=20019, ,STANDARD,2774,23416,20019,20019,21340.5649687229,16783529.2663353,52793,54031
89,20020,ZIP_020,http://www.usps.gov,http://maps.epa.gov/scripts/.esrimap?name=enviroMapperN&Cmd=ZoomInByZip&CmdOld=ZoomInByScalar&threshold=360.0&zoomFactor=2.0&layersCode=001&queryCode=99&fipsCode=20020, ,STANDARD,2523,21842,20020,20020,18569.6696683948,11983837.937678,49899,49816
90,20024,ZIP_024,http://www.usps.gov,http://maps.epa.gov/scripts/.esrimap?name=enviroMapperN&Cmd=ZoomInByZip&CmdOld=ZoomInByScalar&threshold=360.0&zoomFactor=2.0&layersCode=001&queryCode=99&fipsCode=20024, ,STANDARD,442,8091,20024,20024,24991.5487655472,5938004.47910475,11795,11455
91,20026,ZIP_026,http://www.usps.gov,http://maps.epa.gov/scripts/.esrimap?name=enviroMapperN&Cmd=ZoomInByZip&CmdOld=ZoomInByScalar&threshold=360.0&zoomFactor=2.0&layersCode=001&queryCode=99&fipsCode=20026,L'ENFANT PLAZA POST OFFICE,POST OFFICE BOX,0,1,20026,20026,238.161889310725,1034.79878695247,,
92,20030,ZIP_030,http://www.usps.gov,http://maps.epa.gov/scripts/.esrimap?name=enviroMapperN&Cmd=ZoomInByZip&CmdOld=ZoomInByScalar&threshold=360.0&zoomFactor=2.0&layersCode=001&queryCode=99&fipsCode=20593,ANACOSTIA POST OFFICE BOX,POST OFFICE BOX,0,9,20030,20030,45.4210184975975,122.444233965033,,
93,20032,ZIP_032,http://www.usps.gov,http://maps.epa.gov/scripts/.esrimap?name=enviroMapperN&Cmd=ZoomInByZip&CmdOld=ZoomInByScalar&threshold=360.0&zoomFactor=2.0&layersCode=001&queryCode=99&fipsCode=20004,,STANDARD,1899,15312,20032,20032,23583.7340093875,13284343.0308926,31688,33147
94,20572,ZIP_572,http://www.usps.gov,http://maps.epa.gov/scripts/.esrimap?name=enviroMapperN&Cmd=ZoomInByZip&CmdOld=ZoomInByScalar&threshold=360.0&zoomFactor=2.0&layersCode=001&queryCode=99&fipsCode=20572,NATIONAL MEDIATION BOARD,UNIQUE,0,0,20572,20572,35.1335235302213,76.774461014501,,
95,20573,ZIP_573,http://www.usps.gov,http://maps.epa.gov/scripts/.esrimap?name=enviroMapperN&Cmd=ZoomInByZip&CmdOld=ZoomInByScalar&threshold=360.0&zoomFactor=2.0&layersCode=001&queryCode=99&fipsCode=20573,FEDERAL MARITIME COMMISSION,UNIQUE,0,0,20573,20573,72.8780000060797,328.361050060917,,
96,20577,ZIP_577,http://www.usps.gov,http://maps.epa.gov/scripts/.esrimap?name=enviroMapperN&Cmd=ZoomInByZip&CmdOld=ZoomInByScalar&threshold=360.0&zoomFactor=2.0&layersCode=001&queryCode=99&fipsCode=20577,INTERAMERICAN DEVELOPMENT BANK,UNIQUE,0,0,20577,20577,361.174075249205,7304.9301044156,,
97,20580,ZIP_580,http://www.usps.gov,http://maps.epa.gov/scripts/.esrimap?name=enviroMapperN&Cmd=ZoomInByZip&CmdOld=ZoomInByScalar&threshold=360.0&zoomFactor=2.0&layersCode=001&queryCode=99&fipsCode=20580,FEDERAL TRADE COMMISSION,UNIQUE,0,0,20580,20580,568.622010894296,18613.8908530855,,
98,20581,ZIP_581,http://www.usps.gov,http://maps.epa.gov/scripts/.esrimap?name=enviroMapperN&Cmd=ZoomInByZip&CmdOld=ZoomInByScalar&threshold=360.0&zoomFactor=2.0&layersCode=001&queryCode=99&fipsCode=20581,COMMODITY FUTURES TRADING COMMISSION,UNIQUE,0,0,20581,20581,125.892512549465,978.907716947353,,
99,20585,ZIP_585,http://www.usps.gov,http://maps.epa.gov/scripts/.esrimap?name=enviroMapperN&Cmd=ZoomInByZip&CmdOld=ZoomInByScalar&threshold=360.0&zoomFactor=2.0&layersCode=001&queryCode=99&fipsCode=20585,VARIOUS FEDERAL AGENCIES,UNIQUE,0,0,20585,20585,419.646350645786,5335.37906835984,,
100,20590,ZIP_590,http://www.usps.gov,http://maps.epa.gov/scripts/.esrimap?name=enviroMapperN&Cmd=ZoomInByZip&CmdOld=ZoomInByScalar&threshold=360.0&zoomFactor=2.0&layersCode=001&queryCode=99&fipsCode=20590,US DEPARTMENT OF TRANSPORTATION,UNIQUE,0,0,20590,20590,435.503758354999,11376.6474934046,,
101,20591,ZIP_591,http://www.usps.gov,http://maps.epa.gov/scripts/.esrimap?name=enviroMapperN&Cmd=ZoomInByZip&CmdOld=ZoomInByScalar&threshold=360.0&zoomFactor=2.0&layersCode=001&queryCode=99&fipsCode=20591,FEDERAL AVIATION ADMINISTRATION,UNIQUE,0,0,20591,20591,764.853100285989,24606.8489749909,,
102,20593,ZIP_593,http://www.usps.gov,http://maps.epa.gov/scripts/.esrimap?name=enviroMapperN&Cmd=ZoomInByZip&CmdOld=ZoomInByScalar&threshold=360.0&zoomFactor=2.0&layersCode=001&queryCode=99&fipsCode=20593,US COAST GUARD,UNIQUE,0,0,20593,20593,2972.32525361247,287276.168165807,,
103,20594,ZIP_594,http://www.usps.gov,http://maps.epa.gov/scripts/.esrimap?name=enviroMapperN&Cmd=ZoomInByZip&CmdOld=ZoomInByScalar&threshold=360.0&zoomFactor=2.0&layersCode=001&queryCode=99&fipsCode=20594,FEDERAL AVIATION ADMINISTRATION,UNIQUE,0,0,20594,20594,59.1374471315902,217.077184465525,,
104,20597,ZIP_597,http://www.usps.gov,http://maps.epa.gov/scripts/.esrimap?name=enviroMapperN&Cmd=ZoomInByZip&CmdOld=ZoomInByScalar&threshold=360.0&zoomFactor=2.0&layersCode=001&queryCode=99&fipsCode=20597, ,STANDARD,0,0,20597,20597,568.021160847487,18484.0300090064,,
105,20416,ZIP_416,http://www.usps.gov,http://maps.epa.gov/scripts/.esrimap?name=enviroMapperN&Cmd=ZoomInByZip&CmdOld=ZoomInByScalar&threshold=360.0&zoomFactor=2.0&layersCode=001&queryCode=99&fipsCode=20416,SMALL BUSINESS ADMINISTRATION,UNIQUE,0,0,20416,20416,95.7943821755115,559.402987114344,,
106,20418,ZIP_418,http://www.usps.gov,http://maps.epa.gov/scripts/.esrimap?name=enviroMapperN&Cmd=ZoomInByZip&CmdOld=ZoomInByScalar&threshold=360.0&zoomFactor=2.0&layersCode=001&queryCode=99&fipsCode=20418,NATIONAL ACADEMY OF SCIENCES,UNIQUE,0,0,2418,20418,688.416424009893,29416.5383530289,,
107,20419,ZIP_419,http://www.usps.gov,http://maps.epa.gov/scripts/.esrimap?name=enviroMapperN&Cmd=ZoomInByZip&CmdOld=ZoomInByScalar&threshold=360.0&zoomFactor=2.0&layersCode=001&queryCode=99&fipsCode=20419,MERIT SYSTEMS PROTECTION BOARD,UNIQUE,0,0,20419,20419,50.3206674857965,152.62148398248,,
108,20420,ZIP_420,http://www.usps.gov,http://maps.epa.gov/scripts/.esrimap?name=enviroMapperN&Cmd=ZoomInByZip&CmdOld=ZoomInByScalar&threshold=360.0&zoomFactor=2.0&layersCode=001&queryCode=99&fipsCode=20420,DEPARTMENT OF VETERANS AFFAIRS,UNIQUE,0,0,20420,20420,351.619655253287,5437.66043537825,,
109,20422,ZIP_422,http://www.usps.gov,http://maps.epa.gov/scripts/.esrimap?name=enviroMapperN&Cmd=ZoomInByZip&CmdOld=ZoomInByScalar&threshold=360.0&zoomFactor=2.0&layersCode=001&queryCode=99&fipsCode=20422,VETERANS HOSPITAL,UNIQUE,0,0,20422,20422,1801.45356183615,164366.047483266,,
110,20423,ZIP_423,http://www.usps.gov,http://maps.epa.gov/scripts/.esrimap?name=enviroMapperN&Cmd=ZoomInByZip&CmdOld=ZoomInByScalar&threshold=360.0&zoomFactor=2.0&layersCode=001&queryCode=99&fipsCode=20423,SURFACE TRANSPORTATION BOARD,UNIQUE,0,0,20423,20423,58.8620000034571,215.901934028067,,
111,20425,ZIP_425,http://www.usps.gov,http://maps.epa.gov/scripts/.esrimap?name=enviroMapperN&Cmd=ZoomInByZip&CmdOld=ZoomInByScalar&threshold=360.0&zoomFactor=2.0&layersCode=001&queryCode=99&fipsCode=20425,U.S. COMMISSION ON CIVIL RIGHTS,UNIQUE,0,0,20425,20425,51.3719999939203,164.6564239608,,
112,20426,ZIP_426,http://www.usps.gov,http://maps.epa.gov/scripts/.esrimap?name=enviroMapperN&Cmd=ZoomInByZip&CmdOld=ZoomInByScalar&threshold=360.0&zoomFactor=2.0&layersCode=001&queryCode=99&fipsCode=20426,FEDERAL REGULATORY ENERGY COMMISSION,UNIQUE,0,0,20426,20426,56.1416120875996,196.621668489962,,
113,20427,ZIP_427,http://www.usps.gov,http://maps.epa.gov/scripts/.esrimap?name=enviroMapperN&Cmd=ZoomInByZip&CmdOld=ZoomInByScalar&threshold=360.0&zoomFactor=2.0&layersCode=001&queryCode=99&fipsCode=20427,FEDERAL MEDIATION & COUNSEL SERVICE,UNIQUE,0,0,20427,20427,130.836652503335,1014.07697847038,,
114,20429,ZIP_249,http://www.usps.gov,http://maps.epa.gov/scripts/.esrimap?name=enviroMapperN&Cmd=ZoomInByZip&CmdOld=ZoomInByScalar&threshold=360.0&zoomFactor=2.0&layersCode=001&queryCode=99&fipsCode=20249,FEDERAL DEPOSIT INSURANCE CORPORATION,UNIQUE,0,0,20429,20429,47.3440015975259,139.77167100043,,
115,20431,ZIP_431,http://www.usps.gov,http://maps.epa.gov/scripts/.esrimap?name=enviroMapperN&Cmd=ZoomInByZip&CmdOld=ZoomInByScalar&threshold=360.0&zoomFactor=2.0&layersCode=001&queryCode=99&fipsCode=20431,INTERNATIONAL MONETARY FUND,UNIQUE,0,0,20431,20431,803.319293755361,21001.7642154411,,
116,20433,ZIP_433,http://www.usps.gov,http://maps.epa.gov/scripts/.esrimap?name=enviroMapperN&Cmd=ZoomInByZip&CmdOld=ZoomInByScalar&threshold=360.0&zoomFactor=2.0&layersCode=001&queryCode=99&fipsCode=20433,WORLD BANK,UNIQUE,0,0,20433,20433,1155.09482645292,24470.5431327083,,
117,20436,ZIP_436,http://www.usps.gov,http://maps.epa.gov/scripts/.esrimap?name=enviroMapperN&Cmd=ZoomInByZip&CmdOld=ZoomInByScalar&threshold=360.0&zoomFactor=2.0&layersCode=001&queryCode=99&fipsCode=20436,INTERNATIONAL TRADE COMMISSION,UNIQUE,0,0,20436,20436,60.5899999961257,226.204955971033,,
118,20437,ZIP_437,http://www.usps.gov,http://maps.epa.gov/scripts/.esrimap?name=enviroMapperN&Cmd=ZoomInByZip&CmdOld=ZoomInByScalar&threshold=360.0&zoomFactor=2.0&layersCode=001&queryCode=99&fipsCode=20437,UN FOOD AND AGRICULTURAL ORGANIZATION,UNIQUE,0,0,20437,20437,401.660189463424,6774.89387122756,,
119,20439,ZIP_439,http://www.usps.gov,http://maps.epa.gov/scripts/.esrimap?name=enviroMapperN&Cmd=ZoomInByZip&CmdOld=ZoomInByScalar&threshold=360.0&zoomFactor=2.0&layersCode=001&queryCode=99&fipsCode=20439,UNITED STATES COURT OF APPEALS FOR THE FEDERAL CIRCUIT,UNIQUE,0,0,20439,20439,373.907667786401,7626.11663740127,,
120,20440,ZIP_440,http://www.usps.gov,http://maps.epa.gov/scripts/.esrimap?name=enviroMapperN&Cmd=ZoomInByZip&CmdOld=ZoomInByScalar&threshold=360.0&zoomFactor=2.0&layersCode=001&queryCode=99&fipsCode=20440,INTERNATIONAL JOINT COMMISSION,UNIQUE,0,0,20440,20440,61.0606642822579,209.687399961448,,
121,20441,ZIP_441,http://www.usps.gov,http://maps.epa.gov/scripts/.esrimap?name=enviroMapperN&Cmd=ZoomInByZip&CmdOld=ZoomInByScalar&threshold=360.0&zoomFactor=2.0&layersCode=001&queryCode=99&fipsCode=20441,INTER AMERICAN DEFENSE BOARD,UNIQUE,0,0,20441,20441,320.755990933952,5308.612448074,,
122,20442,ZIP_442,http://www.usps.gov,http://maps.epa.gov/scripts/.esrimap?name=enviroMapperN&Cmd=ZoomInByZip&CmdOld=ZoomInByScalar&threshold=360.0&zoomFactor=2.0&layersCode=001&queryCode=99&fipsCode=20442,COURT OF MILITARY APPEALS,UNIQUE,0,0,20442,20442,281.206881779961,4972.52041220024,,
123,20444,ZIP_444,http://www.usps.gov,http://maps.epa.gov/scripts/.esrimap?name=enviroMapperN&Cmd=ZoomInByZip&CmdOld=ZoomInByScalar&threshold=360.0&zoomFactor=2.0&layersCode=001&queryCode=99&fipsCode=20444,TENNESSEE VALLEY AUTHORITY,UNIQUE,0,0,20444,20444,37.3452181721485,86.7655320284643,,
124,20451,ZIP_451,http://www.usps.gov,http://maps.epa.gov/scripts/.esrimap?name=enviroMapperN&Cmd=ZoomInByZip&CmdOld=ZoomInByScalar&threshold=360.0&zoomFactor=2.0&layersCode=001&queryCode=99&fipsCode=20451,ARMS CONTROL AND DISARMAMENT AGENCY,UNIQUE,0,0,20451,20451,514.633112088231,10910.38592682,,
125,20460,ZIP_460,http://www.usps.gov,http://maps.epa.gov/scripts/.esrimap?name=enviroMapperN&Cmd=ZoomInByZip&CmdOld=ZoomInByScalar&threshold=360.0&zoomFactor=2.0&layersCode=001&queryCode=99&fipsCode=20460,ENVIROMENTAL PROTECTION AGENCY,UNIQUE,0,0,20460,20460,109.457561610267,366.770435013026,,
126,20463,ZIP_463,http://www.usps.gov,http://maps.epa.gov/scripts/.esrimap?name=enviroMapperN&Cmd=ZoomInByZip&CmdOld=ZoomInByScalar&threshold=360.0&zoomFactor=2.0&layersCode=001&queryCode=99&fipsCode=20463,BUREAU OF PUBLIC DEBT,UNIQUE,0,0,20463,20463,244.468011936034,1916.0188670837,,
127,20472,ZIP_472,http://www.usps.gov,http://maps.epa.gov/scripts/.esrimap?name=enviroMapperN&Cmd=ZoomInByZip&CmdOld=ZoomInByScalar&threshold=360.0&zoomFactor=2.0&layersCode=001&queryCode=99&fipsCode=20472,FEDERAL EMERGENCY MANAGEMENT AGENCY,UNIQUE,0,0,20472,20472,120.883680087539,442.21156800399,,
128,20500,ZIP_500,http://www.usps.gov,http://maps.epa.gov/scripts/.esrimap?name=enviroMapperN&Cmd=ZoomInByZip&CmdOld=ZoomInByScalar&threshold=360.0&zoomFactor=2.0&layersCode=001&queryCode=99&fipsCode=20500,WHITE HOUSE,UNIQUE,0,0,20500,20500,787.242217992702,22748.4703869569,,
129,20501,ZIP_501,http://www.usps.gov,http://maps.epa.gov/scripts/.esrimap?name=enviroMapperN&Cmd=ZoomInByZip&CmdOld=ZoomInByScalar&threshold=360.0&zoomFactor=2.0&layersCode=001&queryCode=99&fipsCode=20501,WHITE HOUSE,UNIQUE,0,0,20501,20501,48.7392105832839,147.031863029361,,
130,20502,ZIP_502,http://www.usps.gov,http://maps.epa.gov/scripts/.esrimap?name=enviroMapperN&Cmd=ZoomInByZip&CmdOld=ZoomInByScalar&threshold=360.0&zoomFactor=2.0&layersCode=001&queryCode=99&fipsCode=20502,WHITE HOUSE PRESIDENT'S OFFICE,UNIQUE,0,0,20502,20502,43.954618694719,120.662027989124,,
131,20503,ZIP_503,http://www.usps.gov,http://maps.epa.gov/scripts/.esrimap?name=enviroMapperN&Cmd=ZoomInByZip&CmdOld=ZoomInByScalar&threshold=360.0&zoomFactor=2.0&layersCode=001&queryCode=99&fipsCode=20503,OFFICE OF MANAGEMENT AND BUDGET,UNIQUE,0,0,20503,20503,405.927969093143,1634.56132530608,,
132,20505,ZIP_505,http://www.usps.gov,http://maps.epa.gov/scripts/.esrimap?name=enviroMapperN&Cmd=ZoomInByZip&CmdOld=ZoomInByScalar&threshold=360.0&zoomFactor=2.0&layersCode=001&queryCode=99&fipsCode=20505,CENTRAL INTELLIGENCE AGENCY,UNIQUE,0,0,20505,20505,138.789133555181,1175.40164663929,,
133,20506,ZIP_506,http://www.usps.gov,http://maps.epa.gov/scripts/.esrimap?name=enviroMapperN&Cmd=ZoomInByZip&CmdOld=ZoomInByScalar&threshold=360.0&zoomFactor=2.0&layersCode=001&queryCode=99&fipsCode=20506,EXECUTIVE OFFICE OTHER ORGANIZATIONS,UNIQUE,0,0,20506,20506,343.311264223612,4055.08445628573,,
134,20507,ZIP_507,http://www.usps.gov,http://maps.epa.gov/scripts/.esrimap?name=enviroMapperN&Cmd=ZoomInByZip&CmdOld=ZoomInByScalar&threshold=360.0&zoomFactor=2.0&layersCode=001&queryCode=99&fipsCode=20507,EQUAL EMPLOYMENT OPPORTUNITY COMMISSION,UNIQUE,0,0,20507,20507,27.8954776144375,48.6278960172364,,
135,20508,ZIP_508,http://www.usps.gov,http://maps.epa.gov/scripts/.esrimap?name=enviroMapperN&Cmd=ZoomInByZip&CmdOld=ZoomInByScalar&threshold=360.0&zoomFactor=2.0&layersCode=001&queryCode=99&fipsCode=20508,UNITED STATES TRADE REPRESENATIVE,UNIQUE,0,0,20508,20508,280.687586920344,2938.24245443774,,
136,20509,ZIP_509,http://www.usps.gov,http://maps.epa.gov/scripts/.esrimap?name=enviroMapperN&Cmd=ZoomInByZip&CmdOld=ZoomInByScalar&threshold=360.0&zoomFactor=2.0&layersCode=001&queryCode=99&fipsCode=20509,EXECUTIVE OFFICE OF THE PRESIDENT,UNIQUE,0,0,20509,20509,562.03242918155,14228.0104143709,,
137,20510,ZIP_510,http://www.usps.gov,http://maps.epa.gov/scripts/.esrimap?name=enviroMapperN&Cmd=ZoomInByZip&CmdOld=ZoomInByScalar&threshold=360.0&zoomFactor=2.0&layersCode=001&queryCode=99&fipsCode=20510,UNITED STATES SENATE,UNIQUE,0,0,20510,20510,412.496526940791,5302.56059304957,,
138,20515,ZIP_515,http://www.usps.gov,http://maps.epa.gov/scripts/.esrimap?name=enviroMapperN&Cmd=ZoomInByZip&CmdOld=ZoomInByScalar&threshold=360.0&zoomFactor=2.0&layersCode=001&queryCode=99&fipsCode=20515,UNITED STATES HOUSE OF REPRESENTATIVES,UNIQUE,0,0,20515,20515,1690.13950691652,95984.1351908069,,
139,20520,ZIP_520,http://www.usps.gov,http://maps.epa.gov/scripts/.esrimap?name=enviroMapperN&Cmd=ZoomInByZip&CmdOld=ZoomInByScalar&threshold=360.0&zoomFactor=2.0&layersCode=001&queryCode=99&fipsCode=20520,STATE DEPARTMENT,UNIQUE,0,0,20520,20520,1292.61159119475,47005.9864741169,,
140,20521,ZIP_521,http://www.usps.gov,http://maps.epa.gov/scripts/.esrimap?name=enviroMapperN&Cmd=ZoomInByZip&CmdOld=ZoomInByScalar&threshold=360.0&zoomFactor=2.0&layersCode=001&queryCode=99&fipsCode=20521,OFFICE OF PUBLIC DIPLOMACY AND PUBLIC AFFAIRS,UNIQUE,0,0,20521,20521,200.516422181361,2523.26999752048,,
141,20522,ZIP_522,http://www.usps.gov,http://maps.epa.gov/scripts/.esrimap?name=enviroMapperN&Cmd=ZoomInByZip&CmdOld=ZoomInByScalar&threshold=360.0&zoomFactor=2.0&layersCode=001&queryCode=99&fipsCode=20522,STATE DEPARTMENT,UNIQUE,0,0,20522,20522,81.5971516002299,415.509418588183,,
142,20523,ZIP_523,http://www.usps.gov,http://maps.epa.gov/scripts/.esrimap?name=enviroMapperN&Cmd=ZoomInByZip&CmdOld=ZoomInByScalar&threshold=360.0&zoomFactor=2.0&layersCode=001&queryCode=99&fipsCode=20523,DEPARTMENT OF STATE INTERNATIONAL DIVISION,UNIQUE,0,0,20523,20523,87.53795022261,478.63814389261,,
143,20524,ZIP_524,http://www.usps.gov,http://maps.epa.gov/scripts/.esrimap?name=enviroMapperN&Cmd=ZoomInByZip&CmdOld=ZoomInByScalar&threshold=360.0&zoomFactor=2.0&layersCode=001&queryCode=99&fipsCode=20524,PASSPORT OFFICE DC,UNIQUE,0,0,20524,20524,37.6500000059605,87.253034026118,,
144,20526,ZIP_526,http://www.usps.gov,http://maps.epa.gov/scripts/.esrimap?name=enviroMapperN&Cmd=ZoomInByZip&CmdOld=ZoomInByScalar&threshold=360.0&zoomFactor=2.0&layersCode=001&queryCode=99&fipsCode=20526,PEACE CORPS,UNIQUE,0,0,20526,20526,52.4817331345132,168.35635593886,,
145,20527,ZIP_527,http://www.usps.gov,http://maps.epa.gov/scripts/.esrimap?name=enviroMapperN&Cmd=ZoomInByZip&CmdOld=ZoomInByScalar&threshold=360.0&zoomFactor=2.0&layersCode=001&queryCode=99&fipsCode=20527,OVERSEAS PRIVATE INVESTMENT CORPORATION,UNIQUE,0,0,20527,20527,38.6000861801232,92.9878110067851,,
146,20528,ZIP_528,http://www.usps.gov,http://maps.epa.gov/scripts/.esrimap?name=enviroMapperN&Cmd=ZoomInByZip&CmdOld=ZoomInByScalar&threshold=360.0&zoomFactor=2.0&layersCode=001&queryCode=99&fipsCode=20528,DEPARTMENT OF HOMELAND SECURITY,UNIQUE,0,0,20528,20528,1704.79520322533,134275.403562615,,
147,20529,ZIP_529,http://www.usps.gov,http://maps.epa.gov/scripts/.esrimap?name=enviroMapperN&Cmd=ZoomInByZip&CmdOld=ZoomInByScalar&threshold=360.0&zoomFactor=2.0&layersCode=001&queryCode=99&fipsCode=20529,U.S CITIZENSHIP AND IMMIGRATION SERVICES,UNIQUE,0,0,20529,20529,229.731778201998,1517.3095837526,,
148,20530,ZIP_530,http://www.usps.gov,http://maps.epa.gov/scripts/.esrimap?name=enviroMapperN&Cmd=ZoomInByZip&CmdOld=ZoomInByScalar&threshold=360.0&zoomFactor=2.0&layersCode=001&queryCode=99&fipsCode=20530,DEPARTMENT OF JUSTICE,UNIQUE,0,0,20530,20530,915.336633282378,28161.6628719969,,
149,20534,ZIP_534,http://www.usps.gov,http://maps.epa.gov/scripts/.esrimap?name=enviroMapperN&Cmd=ZoomInByZip&CmdOld=ZoomInByScalar&threshold=360.0&zoomFactor=2.0&layersCode=001&queryCode=99&fipsCode=20534,BUREAU OF PRISONS,UNIQUE,0,0,20534,20534,404.126803468458,7465.61802600936,,
150,20535,ZIP_535,http://www.usps.gov,http://maps.epa.gov/scripts/.esrimap?name=enviroMapperN&Cmd=ZoomInByZip&CmdOld=ZoomInByScalar&threshold=360.0&zoomFactor=2.0&layersCode=001&queryCode=99&fipsCode=20535,FEDERAL BUREAU OF INVESTIGATION,UNIQUE,0,0,20535,20535,1065.68732992294,35944.7820999857,,
151,20536,ZIP_536,http://www.usps.gov,http://maps.epa.gov/scripts/.esrimap?name=enviroMapperN&Cmd=ZoomInByZip&CmdOld=ZoomInByScalar&threshold=360.0&zoomFactor=2.0&layersCode=001&queryCode=99&fipsCode=20536, ,STANDARD,0,0,20536,20536,573.679421240949,16040.2102178218,,
152,20540,ZIP_540,http://www.usps.gov,http://maps.epa.gov/scripts/.esrimap?name=enviroMapperN&Cmd=ZoomInByZip&CmdOld=ZoomInByScalar&threshold=360.0&zoomFactor=2.0&layersCode=001&queryCode=99&fipsCode=20540,LIBRARY OF CONGRESS,UNIQUE,0,0,20540,20540,992.378395787916,34370.6038316933,,
153,20542,ZIP_542,http://www.usps.gov,http://maps.epa.gov/scripts/.esrimap?name=enviroMapperN&Cmd=ZoomInByZip&CmdOld=ZoomInByScalar&threshold=360.0&zoomFactor=2.0&layersCode=001&queryCode=99&fipsCode=20542,LIBRARY OF CONGRESS - TAYLOR ST ANNEX,UNIQUE,0,0,20542,20542,301.882344571828,4830.75261194386,,
154,20543,ZIP_543,http://www.usps.gov,http://maps.epa.gov/scripts/.esrimap?name=enviroMapperN&Cmd=ZoomInByZip&CmdOld=ZoomInByScalar&threshold=360.0&zoomFactor=2.0&layersCode=001&queryCode=99&fipsCode=20543,US SUPREME COURT,UNIQUE,0,0,20543,20543,823.645595613797,38052.4178070331,,
155,20544,ZIP_544,http://www.usps.gov,http://maps.epa.gov/scripts/.esrimap?name=enviroMapperN&Cmd=ZoomInByZip&CmdOld=ZoomInByScalar&threshold=360.0&zoomFactor=2.0&layersCode=001&queryCode=99&fipsCode=20544,ADMINSTRATION OFFICE OF THE US COURTS,UNIQUE,0,0,20544,20544,74.2708500321705,344.643975007863,,
156,20546,ZIP_546,http://www.usps.gov,http://maps.epa.gov/scripts/.esrimap?name=enviroMapperN&Cmd=ZoomInByZip&CmdOld=ZoomInByScalar&threshold=360.0&zoomFactor=2.0&layersCode=001&queryCode=99&fipsCode=20546,NASA,UNIQUE,0,0,20546,20546,484.316443944818,9209.10768011916,,
157,20547,ZIP_547,http://www.usps.gov,http://maps.epa.gov/scripts/.esrimap?name=enviroMapperN&Cmd=ZoomInByZip&CmdOld=ZoomInByScalar&threshold=360.0&zoomFactor=2.0&layersCode=001&queryCode=99&fipsCode=20547, ,STANDARD,0,0,20547,20547,168.620995958882,1487.77133510396,,
158,20548,ZIP_548,http://www.usps.gov,http://maps.epa.gov/scripts/.esrimap?name=enviroMapperN&Cmd=ZoomInByZip&CmdOld=ZoomInByScalar&threshold=360.0&zoomFactor=2.0&layersCode=001&queryCode=99&fipsCode=20548,GENERAL ACCOUNTING OFFICE,UNIQUE,0,0,20548,20548,707.938323334496,24474.5092301226,,
159,20549,ZIP_549,http://www.usps.gov,http://maps.epa.gov/scripts/.esrimap?name=enviroMapperN&Cmd=ZoomInByZip&CmdOld=ZoomInByScalar&threshold=360.0&zoomFactor=2.0&layersCode=001&queryCode=99&fipsCode=20549,SECURITIES AND EXCHANGE COMMISSION,UNIQUE,0,0,20549,20549,273.494063594794,3992.5034749817,,
160,20551,ZIP_551,http://www.usps.gov,http://maps.epa.gov/scripts/.esrimap?name=enviroMapperN&Cmd=ZoomInByZip&CmdOld=ZoomInByScalar&threshold=360.0&zoomFactor=2.0&layersCode=001&queryCode=99&fipsCode=20551,FEDERAL RESERVE BOARD,UNIQUE,0,0,20551,20551,614.51933597053,23501.0224402,,
161,20552,ZIP_552,http://www.usps.gov,http://maps.epa.gov/scripts/.esrimap?name=enviroMapperN&Cmd=ZoomInByZip&CmdOld=ZoomInByScalar&threshold=360.0&zoomFactor=2.0&layersCode=001&queryCode=99&fipsCode=20552,OFFICE OF THRIFT SUPERVISION,UNIQUE,0,0,20552,20552,78.799540946251,368.847569927484,,
162,20553,ZIP_553,http://www.usps.gov,http://maps.epa.gov/scripts/.esrimap?name=enviroMapperN&Cmd=ZoomInByZip&CmdOld=ZoomInByScalar&threshold=360.0&zoomFactor=2.0&layersCode=001&queryCode=99&fipsCode=20553,FEDERAL AVIATION ADMINISTRATION,UNIQUE,0,0,20553,20553,65.8397177227645,270.770906511507,,
163,20554,ZIP_554,http://www.usps.gov,http://maps.epa.gov/scripts/.esrimap?name=enviroMapperN&Cmd=ZoomInByZip&CmdOld=ZoomInByScalar&threshold=360.0&zoomFactor=2.0&layersCode=001&queryCode=99&fipsCode=20554,FEDERAL COMMUNICATIONS COMMISSION,UNIQUE,0,0,20554,20554,226.512879497065,3264.84911265432,,
164,20557,ZIP_557,http://www.usps.gov,http://maps.epa.gov/scripts/.esrimap?name=enviroMapperN&Cmd=ZoomInByZip&CmdOld=ZoomInByScalar&threshold=360.0&zoomFactor=2.0&layersCode=001&queryCode=99&fipsCode=20557,LIBRARY OF CONGRESS,UNIQUE,0,0,20557,20557,92.0190005704452,527.067166878614,,
165,20559,ZIP_559,http://www.usps.gov,http://maps.epa.gov/scripts/.esrimap?name=enviroMapperN&Cmd=ZoomInByZip&CmdOld=ZoomInByScalar&threshold=360.0&zoomFactor=2.0&layersCode=001&queryCode=99&fipsCode=20559,US COPYRIGHT OFFICE,UNIQUE,0,0,20559,20559,136.694000013173,1167.50604622415,,
166,20560,ZIP_560,http://www.usps.gov,http://maps.epa.gov/scripts/.esrimap?name=enviroMapperN&Cmd=ZoomInByZip&CmdOld=ZoomInByScalar&threshold=360.0&zoomFactor=2.0&layersCode=001&queryCode=99&fipsCode=20560,SMITHSONIAN INSTITUTION,UNIQUE,0,0,20560,20560,1282.18296266569,44522.0032991162,,
167,20565,ZIP_565,http://www.usps.gov,http://maps.epa.gov/scripts/.esrimap?name=enviroMapperN&Cmd=ZoomInByZip&CmdOld=ZoomInByScalar&threshold=360.0&zoomFactor=2.0&layersCode=001&queryCode=99&fipsCode=20565,NATIONAL GALLERY OF ART,UNIQUE,0,0,20565,20565,1457.94529430354,92018.982197303,,
168,20566,ZIP_566,http://www.usps.gov,http://maps.epa.gov/scripts/.esrimap?name=enviroMapperN&Cmd=ZoomInByZip&CmdOld=ZoomInByScalar&threshold=360.0&zoomFactor=2.0&layersCode=001&queryCode=99&fipsCode=20566,JOHN F KENNEDY CENTER,UNIQUE,0,0,20566,20566,806.84043651777,34140.7210630872,,
169,20570,ZIP_570,http://www.usps.gov,http://maps.epa.gov/scripts/.esrimap?name=enviroMapperN&Cmd=ZoomInByZip&CmdOld=ZoomInByScalar&threshold=360.0&zoomFactor=2.0&layersCode=001&queryCode=99&fipsCode=20570,NATIONAL LABOR RELATIONS BOARD,UNIQUE,0,0,20570,20570,35.2219999879599,76.5793679520644,,
170,20571,ZIP_571,http://www.usps.gov,http://maps.epa.gov/scripts/.esrimap?name=enviroMapperN&Cmd=ZoomInByZip&CmdOld=ZoomInByScalar&threshold=360.0&zoomFactor=2.0&layersCode=001&queryCode=99&fipsCode=20571,EXPORT IMPORT BANK,UNIQUE,0,0,20571,20571,260.610793516869,2646.34122715459,,
